{
  "timestamp": "2025-05-16 20:39:44",
  "checkpoint_path": "./working_2/checkpoints/checkpoint-176028-images",
  "epoch": 3,
  "global_step": 82514,
  "datapoints_processed": 2640424,
  "images_processed": 176028,
  "train_loss": 8.122202741586264,
  "learning_rate": 6.791771856007481e-05,
  "val_loss": null
}