{
  "timestamp": "2025-05-16 21:27:42",
  "checkpoint_path": "./working_2/checkpoints/checkpoint-180029-images",
  "epoch": 3,
  "global_step": 84390,
  "datapoints_processed": 2700440,
  "images_processed": 180029,
  "train_loss": 8.12203378296637,
  "learning_rate": 6.440953716690042e-05,
  "val_loss": null
}