{
  "timestamp": "2025-05-16 09:49:39",
  "checkpoint_path": "./working_2/checkpoints/checkpoint-124016-images",
  "epoch": 2,
  "global_step": 58133,
  "datapoints_processed": 1860240,
  "images_processed": 124016,
  "train_loss": 8.129231625835189,
  "learning_rate": 0.00011351098644226274,
  "val_loss": null
}