{
  "timestamp": "2025-05-16 20:15:43",
  "checkpoint_path": "./working_2/checkpoints/checkpoint-174027-images",
  "epoch": 3,
  "global_step": 81577,
  "datapoints_processed": 2610416,
  "images_processed": 174027,
  "train_loss": 8.122480775871228,
  "learning_rate": 6.966993922393642e-05,
  "val_loss": null
}